1,Gravitymon,HTTP Post,2025-08-02T15:10:32.354839,AABBCC,Octoberfest,,22.88,1.0518,49.532,4.13,0,-70,900
1,Gravitymon,HTTP Post,2025-08-02T15:25:07.526947,AABBCC,Octoberfest,,22.69,1.0519,49.555,4.13,0,-70,900
1,Gravitymon,HTTP Post,2025-08-02T15:39:32.736735,AABBCC,Octoberfest,,22.44,1.052,49.592,4.13,0,-76,900
1,Gravitymon,HTTP Post,2025-08-02T15:53:57.868150,AABBCC,Octoberfest,,22.19,1.052,49.6,4.13,0,-78,900
1,Gravitymon,HTTP Post,2025-08-02T17:06:28.710514,AABBCC,Octoberfest,,21.06,1.0517,49.49,4.12,0,-75,900
1,Gravitymon,HTTP Post,2025-08-02T17:20:58.926464,AABBCC,Octoberfest,,20.88,1.0517,49.479,4.12,0,-76,900
1,Gravitymon,HTTP Post,2025-08-02T17:35:24.062814,AABBCC,Octoberfest,,20.69,1.0516,49.447,4.12,0,-75,900
1,Gravitymon,HTTP Post,2025-08-02T19:02:25.139486,AABBCC,Octoberfest,,19.5,1.051,49.193,4.11,0,-75,900
1,Gravitymon,HTTP Post,2025-08-02T19:16:55.276184,AABBCC,Octoberfest,,19.31,1.0509,49.148,4.11,0,-75,900
1,Gravitymon,HTTP Post,2025-08-02T19:31:25.420629,AABBCC,Octoberfest,,19.25,1.0508,49.114,4.11,0,-75,900
1,Gravitymon,HTTP Post,2025-08-02T20:58:21.478088,AABBCC,Octoberfest,,18.38,1.05,48.786,4.11,0,-71,900
1,Gravitymon,HTTP Post,2025-08-02T21:27:26.790827,AABBCC,Octoberfest,,18.25,1.0499,48.723,4.11,0,-69,900
1,Gravitymon,HTTP Post,2025-08-02T22:25:17.533753,AABBCC,Octoberfest,,17.75,1.0494,48.535,4.11,0,-69,900
1,Gravitymon,HTTP Post,2025-08-02T22:54:22.839439,AABBCC,Octoberfest,,17.5,1.0491,48.419,4.11,0,-71,900
1,Gravitymon,HTTP Post,2025-08-02T23:08:47.987872,AABBCC,Octoberfest,,17.38,1.0489,48.313,4.11,0,-70,900
1,Gravitymon,HTTP Post,2025-08-02T23:37:48.366576,AABBCC,Octoberfest,,17.31,1.0486,48.197,4.11,0,-75,900
1,Gravitymon,HTTP Post,2025-08-03T00:06:48.678056,AABBCC,Octoberfest,,17.06,1.0479,47.917,4.11,0,-75,900
1,Gravitymon,HTTP Post,2025-08-03T00:35:49.042550,AABBCC,Octoberfest,,16.94,1.0473,47.641,4.11,0,-70,900
1,Gravitymon,HTTP Post,2025-08-03T02:17:10.231103,AABBCC,Octoberfest,,16.25,1.0448,46.564,4.1,0,-75,900
1,Gravitymon,HTTP Post,2025-08-03T02:31:35.389970,AABBCC,Octoberfest,,16.19,1.0448,46.575,4.1,0,-75,900
1,Gravitymon,HTTP Post,2025-08-03T02:46:10.621783,AABBCC,Octoberfest,,16.19,1.0444,46.374,4.1,0,-75,900
1,Gravitymon,HTTP Post,2025-08-03T03:58:46.459988,AABBCC,Octoberfest,,15.88,1.0417,45.182,4.1,0,-75,900
1,Gravitymon,HTTP Post,2025-08-03T04:13:26.624582,AABBCC,Octoberfest,,15.75,1.0418,45.215,4.1,0,-76,900
1,Gravitymon,HTTP Post,2025-08-03T04:27:51.756937,AABBCC,Octoberfest,,15.69,1.0411,44.922,4.1,0,-75,900
1,Gravitymon,HTTP Post,2025-08-03T04:42:26.921727,AABBCC,Octoberfest,,15.69,1.0411,44.907,4.1,0,-74,900
1,Gravitymon,HTTP Post,2025-08-03T05:25:52.440475,AABBCC,Octoberfest,,15.5,1.0415,45.107,4.1,0,-75,900
1,Gravitymon,HTTP Post,2025-08-03T05:54:47.810447,AABBCC,Octoberfest,,15.38,1.0419,45.262,4.09,0,-75,900
1,Gravitymon,HTTP Post,2025-08-03T06:52:53.508214,AABBCC,Octoberfest,,15.25,1.0431,45.812,4.09,0,-68,900
1,Gravitymon,HTTP Post,2025-08-02T11:47:44.955453,AABBCC,Octoberfest,,26.69,1.0511,49.226,4.14,0,-75,900
1,Gravitymon,HTTP Post,2025-08-02T12:02:00.154966,AABBCC,Octoberfest,,26.5,1.0511,49.247,4.14,0,-75,900
1,Gravitymon,HTTP Post,2025-08-02T12:16:25.301595,AABBCC,Octoberfest,,26.25,1.0512,49.26,4.13,0,-78,900
1,Gravitymon,HTTP Post,2025-08-02T12:31:00.471291,AABBCC,Octoberfest,,25.94,1.0512,49.289,4.13,0,-78,900
1,Gravitymon,HTTP Post,2025-08-02T12:45:30.688776,AABBCC,Octoberfest,,25.69,1.0513,49.312,4.13,0,-78,900
1,Gravitymon,HTTP Post,2025-08-02T13:00:00.844489,AABBCC,Octoberfest,,25.5,1.0513,49.32,4.13,0,-79,900
1,Gravitymon,HTTP Post,2025-08-02T13:14:25.980992,AABBCC,Octoberfest,,25.13,1.0513,49.316,4.13,0,-79,900
1,Gravitymon,HTTP Post,2025-08-02T13:28:56.200885,AABBCC,Octoberfest,,24.81,1.0513,49.315,4.13,0,-79,900
1,Gravitymon,HTTP Post,2025-08-02T13:43:31.380077,AABBCC,Octoberfest,,24.56,1.0514,49.348,4.13,0,-75,900
1,Gravitymon,HTTP Post,2025-08-02T13:58:01.513990,AABBCC,Octoberfest,,24.25,1.0515,49.382,4.13,0,-74,900
1,Gravitymon,HTTP Post,2025-08-02T14:12:31.663254,AABBCC,Octoberfest,,23.94,1.0515,49.396,4.13,0,-74,900
1,Gravitymon,HTTP Post,2025-08-02T14:27:01.831371,AABBCC,Octoberfest,,23.69,1.0516,49.42,4.13,0,-71,900
1,Gravitymon,HTTP Post,2025-08-02T14:41:32.059253,AABBCC,Octoberfest,,23.5,1.0516,49.428,4.13,0,-73,900
1,Gravitymon,HTTP Post,2025-08-02T14:56:07.206270,AABBCC,Octoberfest,,23.19,1.0517,49.474,4.13,0,-70,900
1,Gravitymon,HTTP Post,2025-08-02T16:08:33.034726,AABBCC,Octoberfest,,22,1.0518,49.529,4.12,0,-77,900
1,Gravitymon,HTTP Post,2025-08-02T16:23:03.244336,AABBCC,Octoberfest,,21.75,1.0519,49.559,4.12,0,-77,900
1,Gravitymon,HTTP Post,2025-08-02T16:37:28.394394,AABBCC,Octoberfest,,21.5,1.0519,49.554,4.12,0,-74,900
1,Gravitymon,HTTP Post,2025-08-02T16:52:03.554041,AABBCC,Octoberfest,,21.31,1.0518,49.507,4.12,0,-76,900
1,Gravitymon,HTTP Post,2025-08-02T17:49:49.224403,AABBCC,Octoberfest,,20.5,1.0515,49.412,4.12,0,-75,900
1,Gravitymon,HTTP Post,2025-08-02T18:04:19.443508,AABBCC,Octoberfest,,20.31,1.0514,49.374,4.12,0,-77,900
1,Gravitymon,HTTP Post,2025-08-02T18:18:49.573708,AABBCC,Octoberfest,,20.13,1.0513,49.335,4.12,0,-76,900
1,Gravitymon,HTTP Post,2025-08-02T18:33:19.733259,AABBCC,Octoberfest,,19.94,1.0512,49.253,4.12,0,-76,900
1,Gravitymon,HTTP Post,2025-08-02T18:47:49.957355,AABBCC,Octoberfest,,19.69,1.0511,49.22,4.12,0,-75,900
1,Gravitymon,HTTP Post,2025-08-02T19:45:50.635826,AABBCC,Octoberfest,,19.13,1.0507,49.088,4.11,0,-70,900
1,Gravitymon,HTTP Post,2025-08-02T20:00:25.810625,AABBCC,Octoberfest,,18.94,1.0506,49.025,4.11,0,-70,900
1,Gravitymon,HTTP Post,2025-08-02T20:14:50.937704,AABBCC,Octoberfest,,18.81,1.0504,48.957,4.11,0,-71,900
1,Gravitymon,HTTP Post,2025-08-02T20:29:21.104300,AABBCC,Octoberfest,,18.75,1.0501,48.837,4.11,0,-70,900
1,Gravitymon,HTTP Post,2025-08-02T20:43:56.285622,AABBCC,Octoberfest,,18.56,1.0501,48.824,4.11,0,-69,900
1,Gravitymon,HTTP Post,2025-08-02T21:12:51.623417,AABBCC,Octoberfest,,18.38,1.05,48.772,4.11,0,-70,900
1,Gravitymon,HTTP Post,2025-08-02T21:41:47.020121,AABBCC,Octoberfest,,18.06,1.0498,48.681,4.11,0,-69,900
1,Gravitymon,HTTP Post,2025-08-02T21:56:17.154070,AABBCC,Octoberfest,,17.94,1.0497,48.658,4.11,0,-69,900
1,Gravitymon,HTTP Post,2025-08-02T22:10:42.311646,AABBCC,Octoberfest,,17.81,1.0497,48.636,4.11,0,-69,900
1,Gravitymon,HTTP Post,2025-08-02T22:39:47.691373,AABBCC,Octoberfest,,17.63,1.0493,48.474,4.11,0,-69,900
1,Gravitymon,HTTP Post,2025-08-02T23:23:18.217259,AABBCC,Octoberfest,,17.38,1.0487,48.229,4.11,0,-70,900
1,Gravitymon,HTTP Post,2025-08-02T23:52:13.506109,AABBCC,Octoberfest,,17.13,1.0483,48.064,4.11,0,-75,900
1,Gravitymon,HTTP Post,2025-08-03T00:21:18.909128,AABBCC,Octoberfest,,17,1.0479,47.891,4.11,0,-75,900
1,Gravitymon,HTTP Post,2025-08-03T00:50:14.191841,AABBCC,Octoberfest,,16.81,1.0471,47.552,4.11,0,-71,900
1,Gravitymon,HTTP Post,2025-08-03T01:04:44.411582,AABBCC,Octoberfest,,16.75,1.044,46.212,4.11,0,-70,900
1,Gravitymon,HTTP Post,2025-08-03T01:19:19.570247,AABBCC,Octoberfest,,16.56,1.046,47.071,4.1,0,-70,900
1,Gravitymon,HTTP Post,2025-08-03T01:33:44.706761,AABBCC,Octoberfest,,16.56,1.0458,47.02,4.1,0,-70,900
1,Gravitymon,HTTP Post,2025-08-03T01:48:14.872067,AABBCC,Octoberfest,,16.44,1.0457,46.951,4.1,0,-75,900
1,Gravitymon,HTTP Post,2025-08-03T02:02:45.096910,AABBCC,Octoberfest,,16.38,1.0451,46.685,4.11,0,-75,900
1,Gravitymon,HTTP Post,2025-08-03T03:00:40.771368,AABBCC,Octoberfest,,16.06,1.0446,46.455,4.1,0,-75,900
1,Gravitymon,HTTP Post,2025-08-03T03:15:10.908113,AABBCC,Octoberfest,,16,1.0443,46.352,4.1,0,-75,900
1,Gravitymon,HTTP Post,2025-08-03T03:29:41.065133,AABBCC,Octoberfest,,15.94,1.0432,45.875,4.1,0,-75,900
1,Gravitymon,HTTP Post,2025-08-03T03:44:16.237218,AABBCC,Octoberfest,,15.94,1.0427,45.645,4.1,0,-75,900
1,Gravitymon,HTTP Post,2025-08-03T04:56:57.091621,AABBCC,Octoberfest,,15.56,1.0417,45.204,4.1,0,-74,900
1,Gravitymon,HTTP Post,2025-08-03T05:11:22.287463,AABBCC,Octoberfest,,15.56,1.0419,45.274,4.1,0,-74,900
1,Gravitymon,HTTP Post,2025-08-03T05:40:27.604906,AABBCC,Octoberfest,,15.44,1.0414,45.051,4.1,0,-75,900
1,Gravitymon,HTTP Post,2025-08-03T06:09:22.972578,AABBCC,Octoberfest,,15.31,1.0424,45.491,4.1,0,-75,900
1,Gravitymon,HTTP Post,2025-08-03T06:23:48.134814,AABBCC,Octoberfest,,15.31,1.0422,45.399,4.09,0,-75,900
1,Gravitymon,HTTP Post,2025-08-03T06:38:18.341236,AABBCC,Octoberfest,,15.31,1.0431,45.821,4.09,0,-68,900
1,Gravitymon,HTTP Post,2025-08-03T07:07:18.628563,AABBCC,Octoberfest,,15.13,1.0436,46.024,4.09,0,-69,900
1,Gravitymon,HTTP Post,2025-08-03T07:21:48.801087,AABBCC,Octoberfest,,15.13,1.0434,45.927,4.09,0,-69,900
1,Gravitymon,HTTP Post,2025-08-03T07:36:19.134124,AABBCC,Octoberfest,,15.13,1.0427,45.644,4.09,0,-70,900
1,Gravitymon,HTTP Post,2025-08-03T07:50:49.180749,AABBCC,Octoberfest,,15.06,1.0423,45.461,4.09,0,-72,900
1,Gravitymon,HTTP Post,2025-08-03T08:48:49.859525,AABBCC,Octoberfest,,14.88,1.0451,46.713,4.09,0,-69,900
1,Gravitymon,HTTP Post,2025-08-03T09:03:19.996506,AABBCC,Octoberfest,,14.88,1.0459,47.052,4.09,0,-69,900
1,Gravitymon,HTTP Post,2025-08-03T10:01:15.683698,AABBCC,Octoberfest,,14.69,1.0454,46.83,4.09,0,-70,900
1,Gravitymon,HTTP Post,2025-08-03T10:15:45.909398,AABBCC,Octoberfest,,14.63,1.0453,46.791,4.09,0,-70,900
1,Gravitymon,HTTP Post,2025-08-03T10:30:16.054043,AABBCC,Octoberfest,,14.69,1.0453,46.772,4.09,0,-69,900
1,Gravitymon,HTTP Post,2025-08-03T10:44:46.201042,AABBCC,Octoberfest,,14.63,1.0459,47.058,4.09,0,-76,900
1,Gravitymon,HTTP Post,2025-08-03T11:57:22.056221,AABBCC,Octoberfest,,14.56,1.0451,46.684,4.09,0,-76,900
1,Gravitymon,HTTP Post,2025-08-03T12:11:57.224321,AABBCC,Octoberfest,,14.56,1.0449,46.606,4.09,0,-76,900
1,Gravitymon,HTTP Post,2025-08-03T12:26:17.409709,AABBCC,Octoberfest,,14.5,1.0445,46.44,4.08,0,-77,900
1,Gravitymon,HTTP Post,2025-08-03T12:40:42.558007,AABBCC,Octoberfest,,14.5,1.0442,46.292,4.09,0,-69,900
1,Gravitymon,HTTP Post,2025-08-03T14:07:48.630404,AABBCC,Octoberfest,,14.25,1.0437,46.06,4.08,0,-76,900
1,Gravitymon,HTTP Post,2025-08-03T14:22:18.775212,AABBCC,Octoberfest,,14.25,1.0433,45.897,4.08,0,-76,900
1,Gravitymon,HTTP Post,2025-08-03T14:36:48.929454,AABBCC,Octoberfest,,14.31,1.0434,45.93,4.08,0,-72,900
1,Gravitymon,HTTP Post,2025-08-03T14:51:24.108170,AABBCC,Octoberfest,,14.31,1.0433,45.916,4.08,0,-71,900
1,Gravitymon,HTTP Post,2025-08-03T16:03:55.011693,AABBCC,Octoberfest,,14.25,1.0427,45.654,4.08,0,-77,900
1,Gravitymon,HTTP Post,2025-08-03T16:18:30.159590,AABBCC,Octoberfest,,14.25,1.0422,45.4,4.08,0,-77,900
1,Gravitymon,HTTP Post,2025-08-03T16:33:00.316963,AABBCC,Octoberfest,,14.25,1.0425,45.534,4.08,0,-77,900
1,Gravitymon,HTTP Post,2025-08-03T16:47:25.472965,AABBCC,Octoberfest,,14.19,1.0415,45.078,4.08,0,-69,900
1,Gravitymon,HTTP Post,2025-08-03T17:01:55.692990,AABBCC,Octoberfest,,14.19,1.042,45.297,4.08,0,-69,900
1,Gravitymon,HTTP Post,2025-08-03T17:30:55.983169,AABBCC,Octoberfest,,14.19,1.0415,45.112,4.08,0,-69,900
1,Gravitymon,HTTP Post,2025-08-03T17:45:26.211109,AABBCC,Octoberfest,,14.19,1.0419,45.279,4.08,0,-69,900
1,Gravitymon,HTTP Post,2025-08-03T18:00:01.377769,AABBCC,Octoberfest,,14.19,1.0419,45.255,4.08,0,-69,900
1,Gravitymon,HTTP Post,2025-08-03T18:14:31.514805,AABBCC,Octoberfest,,14.13,1.0416,45.121,4.08,0,-68,900
1,Gravitymon,HTTP Post,2025-08-03T18:28:56.671260,AABBCC,Octoberfest,,14.13,1.0409,44.824,4.08,0,-67,900
1,Gravitymon,HTTP Post,2025-08-03T18:43:26.895452,AABBCC,Octoberfest,,14.13,1.0407,44.706,4.08,0,-68,900
1,Gravitymon,HTTP Post,2025-08-03T19:41:27.575153,AABBCC,Octoberfest,,14,1.0404,44.593,4.08,0,-76,900
1,Gravitymon,HTTP Post,2025-08-03T20:10:32.875487,AABBCC,Octoberfest,,14.06,1.04,44.401,4.08,0,-75,900
1,Gravitymon,HTTP Post,2025-08-03T20:25:03.033197,AABBCC,Octoberfest,,14.06,1.04,44.396,4.08,0,-75,900
1,Gravitymon,HTTP Post,2025-08-03T20:54:08.426921,AABBCC,Octoberfest,,14.06,1.041,44.845,4.08,0,-69,900
1,Gravitymon,HTTP Post,2025-08-03T21:08:38.577513,AABBCC,Octoberfest,,14.06,1.04,44.396,4.07,0,-69,900
1,Gravitymon,HTTP Post,2025-08-03T21:52:04.094863,AABBCC,Octoberfest,,14,1.0386,43.769,4.07,0,-68,900
1,Gravitymon,HTTP Post,2025-08-03T22:06:39.249381,AABBCC,Octoberfest,,14.13,1.0387,43.815,4.08,0,-69,900
1,Gravitymon,HTTP Post,2025-08-03T23:19:15.091513,AABBCC,Octoberfest,,14,1.0369,42.936,4.07,0,-69,900
1,Gravitymon,HTTP Post,2025-08-03T08:05:14.311132,AABBCC,Octoberfest,,15.06,1.0431,45.811,4.09,0,-71,900
1,Gravitymon,HTTP Post,2025-08-03T08:19:44.528323,AABBCC,Octoberfest,,15,1.044,46.199,4.09,0,-70,900
1,Gravitymon,HTTP Post,2025-08-03T08:34:19.707578,AABBCC,Octoberfest,,14.94,1.0441,46.237,4.09,0,-70,900
1,Gravitymon,HTTP Post,2025-08-03T09:17:45.215972,AABBCC,Octoberfest,,14.88,1.0459,47.035,4.09,0,-69,900
1,Gravitymon,HTTP Post,2025-08-03T09:32:15.369226,AABBCC,Octoberfest,,14.81,1.046,47.066,4.09,0,-69,900
1,Gravitymon,HTTP Post,2025-08-03T09:46:45.521640,AABBCC,Octoberfest,,14.75,1.0458,47.001,4.09,0,-70,900
1,Gravitymon,HTTP Post,2025-08-03T10:59:16.364986,AABBCC,Octoberfest,,14.56,1.0456,46.896,4.09,0,-75,900
1,Gravitymon,HTTP Post,2025-08-03T11:13:46.594053,AABBCC,Octoberfest,,14.56,1.0455,46.889,4.09,0,-75,900
1,Gravitymon,HTTP Post,2025-08-03T11:28:21.758393,AABBCC,Octoberfest,,14.5,1.0455,46.849,4.09,0,-76,900
1,Gravitymon,HTTP Post,2025-08-03T11:42:51.904682,AABBCC,Octoberfest,,14.56,1.0452,46.725,4.09,0,-76,900
1,Gravitymon,HTTP Post,2025-08-03T12:55:12.771792,AABBCC,Octoberfest,,14.44,1.0445,46.44,4.08,0,-70,900
1,Gravitymon,HTTP Post,2025-08-03T13:09:47.943014,AABBCC,Octoberfest,,14.44,1.0444,46.384,4.09,0,-70,900
1,Gravitymon,HTTP Post,2025-08-03T13:24:18.100868,AABBCC,Octoberfest,,14.44,1.0441,46.254,4.08,0,-70,900
1,Gravitymon,HTTP Post,2025-08-03T13:38:43.244328,AABBCC,Octoberfest,,14.44,1.0442,46.295,4.08,0,-76,900
1,Gravitymon,HTTP Post,2025-08-03T13:53:13.473969,AABBCC,Octoberfest,,14.38,1.0437,46.094,4.08,0,-75,900
1,Gravitymon,HTTP Post,2025-08-03T15:05:54.325726,AABBCC,Octoberfest,,14.31,1.0431,45.824,4.08,0,-71,900
1,Gravitymon,HTTP Post,2025-08-03T15:20:19.467216,AABBCC,Octoberfest,,14.31,1.0428,45.698,4.08,0,-72,900
1,Gravitymon,HTTP Post,2025-08-03T15:34:54.622546,AABBCC,Octoberfest,,14.25,1.044,46.216,4.08,0,-78,900
1,Gravitymon,HTTP Post,2025-08-03T15:49:26.710688,AABBCC,Octoberfest,,14.25,1.0432,45.848,4.08,0,-77,900
1,Gravitymon,HTTP Post,2025-08-03T17:16:30.840958,AABBCC,Octoberfest,,14.13,1.0417,45.192,4.08,0,-69,900
1,Gravitymon,HTTP Post,2025-08-03T18:57:57.036279,AABBCC,Octoberfest,,14.13,1.0409,44.841,4.08,0,-68,900
1,Gravitymon,HTTP Post,2025-08-03T19:12:27.179203,AABBCC,Octoberfest,,14.13,1.0404,44.597,4.08,0,-68,900
1,Gravitymon,HTTP Post,2025-08-03T19:26:57.346050,AABBCC,Octoberfest,,14.13,1.0408,44.758,4.08,0,-68,900
1,Gravitymon,HTTP Post,2025-08-03T19:55:57.718946,AABBCC,Octoberfest,,14.06,1.0406,44.659,4.08,0,-75,900
1,Gravitymon,HTTP Post,2025-08-03T20:39:33.249381,AABBCC,Octoberfest,,14.06,1.0399,44.38,4.07,0,-70,900
1,Gravitymon,HTTP Post,2025-08-03T21:23:03.728815,AABBCC,Octoberfest,,13.94,1.0393,44.073,4.08,0,-69,900
1,Gravitymon,HTTP Post,2025-08-03T21:37:33.949332,AABBCC,Octoberfest,,14,1.0398,44.323,4.07,0,-69,900
1,Gravitymon,HTTP Post,2025-08-03T22:21:09.408905,AABBCC,Octoberfest,,14,1.0382,43.545,4.07,0,-69,900
1,Gravitymon,HTTP Post,2025-08-03T22:35:39.574666,AABBCC,Octoberfest,,14,1.0384,43.678,4.07,0,-69,900
1,Gravitymon,HTTP Post,2025-08-03T22:50:09.797039,AABBCC,Octoberfest,,14,1.0374,43.182,4.07,0,-69,900
1,Gravitymon,HTTP Post,2025-08-03T23:04:44.956932,AABBCC,Octoberfest,,14,1.0371,43.04,4.07,0,-68,900
1,Gravitymon,HTTP Post,2025-08-03T23:33:45.259605,AABBCC,Octoberfest,,14,1.0361,42.549,4.07,0,-70,900
1,Gravitymon,HTTP Post,2025-08-03T23:48:20.492539,AABBCC,Octoberfest,,14,1.0356,42.297,4.07,0,-69,900
1,Gravitymon,HTTP Post,2025-08-04T01:00:46.308514,AABBCC,Octoberfest,,14,1.0338,41.408,4.07,0,-68,900
1,Gravitymon,HTTP Post,2025-08-04T01:15:16.463184,AABBCC,Octoberfest,,14,1.0339,41.449,4.07,0,-68,900
1,Gravitymon,HTTP Post,2025-08-04T01:44:16.854597,AABBCC,Octoberfest,,13.94,1.0346,41.839,4.07,0,-69,900
1,Gravitymon,HTTP Post,2025-08-04T02:27:47.371004,AABBCC,Octoberfest,,13.94,1.0328,40.92,4.07,0,-69,900
1,Gravitymon,HTTP Post,2025-08-04T00:02:45.624906,AABBCC,Octoberfest,,14,1.0358,42.432,4.07,0,-69,900
1,Gravitymon,HTTP Post,2025-08-04T00:17:15.780184,AABBCC,Octoberfest,,13.94,1.0349,41.95,4.07,0,-69,900
1,Gravitymon,HTTP Post,2025-08-04T00:31:45.949251,AABBCC,Octoberfest,,14,1.034,41.532,4.07,0,-68,900
1,Gravitymon,HTTP Post,2025-08-04T00:46:16.156949,AABBCC,Octoberfest,,14,1.0349,41.949,4.07,0,-68,900
1,Gravitymon,HTTP Post,2025-08-04T01:29:46.684039,AABBCC,Octoberfest,,13.94,1.0342,41.621,4.07,0,-70,900
1,Gravitymon,HTTP Post,2025-08-04T01:58:52.010309,AABBCC,Octoberfest,,13.94,1.0349,41.945,4.07,0,-69,900
1,Gravitymon,HTTP Post,2025-08-04T02:13:17.152465,AABBCC,Octoberfest,,13.94,1.033,41.015,4.07,0,-68,900
1,Gravitymon,HTTP Post,2025-08-04T02:42:17.523250,AABBCC,Octoberfest,,14,1.0314,40.18,4.07,0,-69,900
1,Gravitymon,HTTP Post,2025-08-04T02:56:47.666210,AABBCC,Octoberfest,,13.94,1.0305,39.741,4.07,0,-69,900
1,Gravitymon,HTTP Post,2025-08-04T04:09:18.580596,AABBCC,Octoberfest,,13.94,1.031,40.012,4.07,0,-76,900
1,Gravitymon,HTTP Post,2025-08-04T05:07:29.203873,AABBCC,Octoberfest,,14,1.0301,39.522,4.07,0,-77,900
1,Gravitymon,HTTP Post,2025-08-04T05:21:59.383251,AABBCC,Octoberfest,,13.94,1.0311,40.037,4.07,0,-77,900
1,Gravitymon,HTTP Post,2025-08-04T06:05:34.886197,AABBCC,Octoberfest,,13.94,1.0297,39.309,4.07,0,-75,900
1,Gravitymon,HTTP Post,2025-08-04T06:20:00.097592,AABBCC,Octoberfest,,13.94,1.0291,38.952,4.07,0,-76,900
1,Gravitymon,HTTP Post,2025-08-04T06:34:30.263275,AABBCC,Octoberfest,,14,1.031,40.007,4.07,0,-69,900
1,Gravitymon,HTTP Post,2025-08-04T06:49:00.411852,AABBCC,Octoberfest,,14,1.0317,40.374,4.07,0,-70,900
1,Gravitymon,HTTP Post,2025-08-04T09:13:47.122242,AABBCC,Octoberfest,,14,1.0281,38.434,4.06,0,-80,900
1,Gravitymon,HTTP Post,2025-08-04T09:42:47.502395,AABBCC,Octoberfest,,14.06,1.0278,38.294,4.06,0,-80,900
1,Gravitymon,HTTP Post,2025-08-04T10:11:47.800301,AABBCC,Octoberfest,,14.06,1.0277,38.207,4.06,0,-80,900
1,Gravitymon,HTTP Post,2025-08-04T10:40:53.136403,AABBCC,Octoberfest,,14.06,1.0277,38.23,4.06,0,-70,900
1,Gravitymon,HTTP Post,2025-08-04T11:38:53.873248,AABBCC,Octoberfest,,14.06,1.0272,37.913,4.06,0,-71,900
1,Gravitymon,HTTP Post,2025-08-04T11:53:19.012237,AABBCC,Octoberfest,,14.06,1.0263,37.427,4.06,0,-71,900
1,Gravitymon,HTTP Post,2025-08-04T12:51:19.688507,AABBCC,Octoberfest,,14.13,1.0247,36.531,4.05,0,-70,900
1,Gravitymon,HTTP Post,2025-08-04T13:05:49.841660,AABBCC,Octoberfest,,14.13,1.0245,36.385,4.05,0,-70,900
1,Gravitymon,HTTP Post,2025-08-04T13:49:20.372405,AABBCC,Octoberfest,,14.13,1.0246,36.45,4.05,0,-69,900
1,Gravitymon,HTTP Post,2025-08-04T14:18:20.742446,AABBCC,Octoberfest,,14.19,1.0246,36.452,4.05,0,-69,900
1,Gravitymon,HTTP Post,2025-08-04T14:47:26.068833,AABBCC,Octoberfest,,14.13,1.0242,36.241,4.05,0,-75,900
1,Gravitymon,HTTP Post,2025-08-04T15:16:26.380441,AABBCC,Octoberfest,,14.13,1.024,36.08,4.05,0,-75,900
1,Gravitymon,HTTP Post,2025-08-04T15:45:26.740240,AABBCC,Octoberfest,,14.19,1.0239,36.062,4.05,0,-71,900
1,Gravitymon,HTTP Post,2025-08-04T16:14:17.106004,AABBCC,Octoberfest,,14.19,1.0237,35.936,4.04,0,-71,900
1,Gravitymon,HTTP Post,2025-08-04T16:43:22.421757,AABBCC,Octoberfest,,14.19,1.0234,35.743,4.05,0,-77,900
1,Gravitymon,HTTP Post,2025-08-04T16:57:47.632203,AABBCC,Octoberfest,,14.13,1.0227,35.33,4.04,0,-75,900
1,Gravitymon,HTTP Post,2025-08-04T17:12:17.794990,AABBCC,Octoberfest,,14.19,1.0224,35.114,4.04,0,-76,900
1,Gravitymon,HTTP Post,2025-08-04T17:26:47.931090,AABBCC,Octoberfest,,14.19,1.0227,35.296,4.04,0,-75,900
1,Gravitymon,HTTP Post,2025-08-04T17:41:18.086465,AABBCC,Octoberfest,,14.19,1.023,35.483,4.04,0,-70,900
1,Gravitymon,HTTP Post,2025-08-04T17:55:48.310331,AABBCC,Octoberfest,,14.19,1.0219,34.823,4.04,0,-68,900
1,Gravitymon,HTTP Post,2025-08-04T18:24:48.609086,AABBCC,Octoberfest,,14.25,1.0226,35.235,4.04,0,-72,900
1,Gravitymon,HTTP Post,2025-08-04T18:53:38.969647,AABBCC,Octoberfest,,14.25,1.0217,34.72,4.04,0,-73,900
1,Gravitymon,HTTP Post,2025-08-04T19:22:34.284959,AABBCC,Octoberfest,,14.19,1.0211,34.318,4.04,0,-72,900
1,Gravitymon,HTTP Post,2025-08-04T19:51:39.653485,AABBCC,Octoberfest,,14.19,1.0218,34.782,4.04,0,-76,900
1,Gravitymon,HTTP Post,2025-08-04T03:11:22.827153,AABBCC,Octoberfest,,13.94,1.0308,39.895,4.07,0,-69,900
1,Gravitymon,HTTP Post,2025-08-04T03:25:48.047275,AABBCC,Octoberfest,,14,1.0315,40.266,4.07,0,-69,900
1,Gravitymon,HTTP Post,2025-08-04T03:40:18.194917,AABBCC,Octoberfest,,14,1.0307,39.845,4.07,0,-76,900
1,Gravitymon,HTTP Post,2025-08-04T03:54:48.340393,AABBCC,Octoberfest,,14,1.0304,39.696,4.07,0,-76,900
1,Gravitymon,HTTP Post,2025-08-04T04:23:48.726641,AABBCC,Octoberfest,,13.94,1.0303,39.637,4.07,0,-76,900
1,Gravitymon,HTTP Post,2025-08-04T04:38:23.898064,AABBCC,Octoberfest,,13.94,1.0315,40.225,4.07,0,-77,900
1,Gravitymon,HTTP Post,2025-08-04T04:52:54.032633,AABBCC,Octoberfest,,13.94,1.0306,39.778,4.07,0,-77,900
1,Gravitymon,HTTP Post,2025-08-04T05:36:29.586513,AABBCC,Octoberfest,,13.94,1.0305,39.748,4.07,0,-77,900
1,Gravitymon,HTTP Post,2025-08-04T05:50:59.725050,AABBCC,Octoberfest,,13.94,1.0301,39.532,4.07,0,-76,900
1,Gravitymon,HTTP Post,2025-08-04T07:03:35.572690,AABBCC,Octoberfest,,14,1.03,39.471,4.06,0,-69,900
1,Gravitymon,HTTP Post,2025-08-04T07:18:05.735185,AABBCC,Octoberfest,,14,1.0294,39.144,4.07,0,-69,900
1,Gravitymon,HTTP Post,2025-08-04T07:32:25.925192,AABBCC,Octoberfest,,14,1.0292,39.044,4.06,0,-69,900
1,Gravitymon,HTTP Post,2025-08-04T07:46:56.078323,AABBCC,Octoberfest,,14,1.0283,38.519,4.07,0,-75,900
1,Gravitymon,HTTP Post,2025-08-04T08:01:26.256098,AABBCC,Octoberfest,,14.06,1.0295,39.181,4.07,0,-74,900
1,Gravitymon,HTTP Post,2025-08-04T08:15:56.460193,AABBCC,Octoberfest,,14,1.0284,38.578,4.07,0,-74,900
1,Gravitymon,HTTP Post,2025-08-04T08:30:26.605007,AABBCC,Octoberfest,,14.06,1.0267,37.645,4.07,0,-80,900
1,Gravitymon,HTTP Post,2025-08-04T08:44:51.760015,AABBCC,Octoberfest,,14,1.0283,38.542,4.07,0,-77,900
1,Gravitymon,HTTP Post,2025-08-04T08:59:16.971899,AABBCC,Octoberfest,,14,1.026,37.28,4.06,0,-78,900
1,Gravitymon,HTTP Post,2025-08-04T09:28:17.277671,AABBCC,Octoberfest,,14,1.0277,38.21,4.06,0,-80,900
1,Gravitymon,HTTP Post,2025-08-04T09:57:17.650439,AABBCC,Octoberfest,,14.06,1.0278,38.242,4.06,0,-78,900
1,Gravitymon,HTTP Post,2025-08-04T10:26:17.964557,AABBCC,Octoberfest,,14.06,1.0279,38.306,4.06,0,-80,900
1,Gravitymon,HTTP Post,2025-08-04T10:55:23.378404,AABBCC,Octoberfest,,14.06,1.0266,37.601,4.06,0,-71,900
1,Gravitymon,HTTP Post,2025-08-04T11:09:53.625653,AABBCC,Octoberfest,,14.13,1.0249,36.645,4.06,0,-70,900
1,Gravitymon,HTTP Post,2025-08-04T11:24:28.650659,AABBCC,Octoberfest,,14.13,1.0262,37.39,4.06,0,-70,900
1,Gravitymon,HTTP Post,2025-08-04T12:07:49.155792,AABBCC,Octoberfest,,14.13,1.0257,37.076,4.06,0,-70,900
1,Gravitymon,HTTP Post,2025-08-04T12:22:19.325575,AABBCC,Octoberfest,,14.06,1.0246,36.455,4.06,0,-72,900
1,Gravitymon,HTTP Post,2025-08-04T12:36:49.548194,AABBCC,Octoberfest,,14.06,1.0252,36.829,4.06,0,-71,900
1,Gravitymon,HTTP Post,2025-08-04T13:20:25.011917,AABBCC,Octoberfest,,14.13,1.0248,36.557,4.05,0,-70,900
1,Gravitymon,HTTP Post,2025-08-04T13:34:50.240284,AABBCC,Octoberfest,,14.13,1.024,36.13,4.05,0,-68,900
1,Gravitymon,HTTP Post,2025-08-04T14:03:55.533936,AABBCC,Octoberfest,,14.19,1.0239,36.066,4.05,0,-69,900
1,Gravitymon,HTTP Post,2025-08-04T14:32:50.905396,AABBCC,Octoberfest,,14.13,1.0248,36.545,4.05,0,-69,900
1,Gravitymon,HTTP Post,2025-08-04T15:01:56.216835,AABBCC,Octoberfest,,14.13,1.0245,36.397,4.05,0,-75,900
1,Gravitymon,HTTP Post,2025-08-04T15:30:56.596626,AABBCC,Octoberfest,,14.19,1.0239,36.044,4.05,0,-78,900
1,Gravitymon,HTTP Post,2025-08-04T15:59:51.892383,AABBCC,Octoberfest,,14.19,1.0231,35.551,4.05,0,-70,900
1,Gravitymon,HTTP Post,2025-08-04T16:28:47.254325,AABBCC,Octoberfest,,14.13,1.0236,35.892,4.04,0,-73,900
1,Gravitymon,HTTP Post,2025-08-04T18:10:13.452399,AABBCC,Octoberfest,,14.25,1.0232,35.627,4.04,0,-72,900
1,Gravitymon,HTTP Post,2025-08-04T18:39:13.775733,AABBCC,Octoberfest,,14.31,1.0216,34.676,4.04,0,-73,900
1,Gravitymon,HTTP Post,2025-08-04T19:08:09.117582,AABBCC,Octoberfest,,14.19,1.0215,34.57,4.04,0,-72,900
1,Gravitymon,HTTP Post,2025-08-04T19:37:04.496279,AABBCC,Octoberfest,,14.25,1.0222,35.025,4.04,0,-76,900
1,Gravitymon,HTTP Post,2025-08-04T20:06:09.794167,AABBCC,Octoberfest,,14.31,1.0222,35.018,4.04,0,-76,900
1,Gravitymon,HTTP Post,2025-08-04T20:35:10.180044,AABBCC,Octoberfest,,14.25,1.0215,34.576,4.04,0,-74,900
1,Gravitymon,HTTP Post,2025-08-04T21:18:30.699498,AABBCC,Octoberfest,,14.31,1.0225,35.174,4.04,0,-75,900
1,Gravitymon,HTTP Post,2025-08-04T21:47:30.996152,AABBCC,Octoberfest,,14.25,1.0197,33.459,4.04,0,-73,900
1,Gravitymon,HTTP Post,2025-08-04T22:02:01.163641,AABBCC,Octoberfest,,14.25,1.0188,32.83,4.04,0,-72,900
1,Gravitymon,HTTP Post,2025-08-04T22:31:01.520720,AABBCC,Octoberfest,,14.38,1.0193,33.175,4.04,0,-73,900
1,Gravitymon,HTTP Post,2025-08-04T23:14:37.062669,AABBCC,Octoberfest,,14.25,1.018,32.312,4.04,0,-72,900
1,Gravitymon,HTTP Post,2025-08-04T23:43:37.361934,AABBCC,Octoberfest,,14.31,1.018,32.3,4.03,0,-75,900
1,Gravitymon,HTTP Post,2025-08-04T23:58:07.534070,AABBCC,Octoberfest,,14.31,1.0171,31.718,4.04,0,-75,900
1,Gravitymon,HTTP Post,2025-08-05T00:12:37.754043,AABBCC,Octoberfest,,14.31,1.018,32.341,4.04,0,-75,900
1,Gravitymon,HTTP Post,2025-08-05T00:41:38.041016,AABBCC,Octoberfest,,14.31,1.018,32.283,4.03,0,-75,900
1,Gravitymon,HTTP Post,2025-08-05T00:56:13.219484,AABBCC,Octoberfest,,14.31,1.0175,31.982,4.03,0,-75,900
1,Gravitymon,HTTP Post,2025-08-05T01:10:43.440073,AABBCC,Octoberfest,,14.31,1.0172,31.746,4.03,0,-75,900
1,Gravitymon,HTTP Post,2025-08-05T01:25:13.580411,AABBCC,Octoberfest,,14.38,1.0173,31.864,4.03,0,-75,900
1,Gravitymon,HTTP Post,2025-08-05T01:39:43.734867,AABBCC,Octoberfest,,14.38,1.0171,31.693,4.03,0,-72,900
1,Gravitymon,HTTP Post,2025-08-05T01:54:08.962868,AABBCC,Octoberfest,,14.38,1.017,31.616,4.03,0,-71,900
1,Gravitymon,HTTP Post,2025-08-04T20:20:39.960852,AABBCC,Octoberfest,,14.25,1.0213,34.469,4.04,0,-75,900
1,Gravitymon,HTTP Post,2025-08-04T20:49:35.318405,AABBCC,Octoberfest,,14.25,1.021,34.265,4.04,0,-75,900
1,Gravitymon,HTTP Post,2025-08-04T21:04:00.480852,AABBCC,Octoberfest,,14.25,1.019,32.97,4.04,0,-75,900
1,Gravitymon,HTTP Post,2025-08-04T21:32:55.823640,AABBCC,Octoberfest,,14.25,1.0198,33.474,4.04,0,-75,900
1,Gravitymon,HTTP Post,2025-08-04T22:16:31.378968,AABBCC,Octoberfest,,14.25,1.0189,32.939,4.04,0,-72,900
1,Gravitymon,HTTP Post,2025-08-04T22:45:31.675697,AABBCC,Octoberfest,,14.38,1.0177,32.125,4.04,0,-71,900
1,Gravitymon,HTTP Post,2025-08-04T23:00:01.887001,AABBCC,Octoberfest,,14.38,1.0179,32.235,4.04,0,-72,900
1,Gravitymon,HTTP Post,2025-08-04T23:29:07.204510,AABBCC,Octoberfest,,14.31,1.0183,32.493,4.04,0,-72,900
1,Gravitymon,HTTP Post,2025-08-05T00:27:07.895923,AABBCC,Octoberfest,,14.31,1.0186,32.749,4.03,0,-75,900
1,Gravitymon,HTTP Post,2025-08-05T02:08:44.123432,AABBCC,Octoberfest,,14.31,1.0175,31.94,4.03,0,-71,900
1,Gravitymon,HTTP Post,2025-08-05T02:37:44.409865,AABBCC,Octoberfest,,14.31,1.0169,31.577,4.03,0,-75,900
1,Gravitymon,HTTP Post,2025-08-05T03:21:04.934252,AABBCC,Octoberfest,,14.31,1.0167,31.44,4.03,0,-75,900
1,Gravitymon,HTTP Post,2025-08-05T03:50:10.316814,AABBCC,Octoberfest,,14.44,1.0171,31.672,4.03,0,-71,900
1,Gravitymon,HTTP Post,2025-08-05T04:19:10.610808,AABBCC,Octoberfest,,14.38,1.0168,31.506,4.03,0,-73,900
1,Gravitymon,HTTP Post,2025-08-05T04:48:16.014721,AABBCC,Octoberfest,,14.31,1.0154,30.494,4.03,0,-72,900
1,Gravitymon,HTTP Post,2025-08-05T05:17:16.296304,AABBCC,Octoberfest,,14.31,1.0148,30.069,4.03,0,-71,900
1,Gravitymon,HTTP Post,2025-08-05T05:46:16.686589,AABBCC,Octoberfest,,14.38,1.0159,30.822,4.03,0,-76,900
1,Gravitymon,HTTP Post,2025-08-05T06:15:11.981517,AABBCC,Octoberfest,,14.38,1.0153,30.446,4.03,0,-75,900
1,Gravitymon,HTTP Post,2025-08-05T06:44:17.375770,AABBCC,Octoberfest,,14.31,1.0148,30.077,4.03,0,-71,900
1,Gravitymon,HTTP Post,2025-08-05T06:58:47.514783,AABBCC,Octoberfest,,14.31,1.0155,30.537,4.03,0,-71,900
1,Gravitymon,HTTP Post,2025-08-05T07:13:17.661777,AABBCC,Octoberfest,,14.38,1.0142,29.626,4.03,0,-71,900
1,Gravitymon,HTTP Post,2025-08-05T07:42:23.056897,AABBCC,Octoberfest,,14.31,1.0147,29.953,4.03,0,-74,900
1,Gravitymon,HTTP Post,2025-08-05T08:25:43.584807,AABBCC,Octoberfest,,14.31,1.015,30.213,4.03,0,-74,900
1,Gravitymon,HTTP Post,2025-08-05T09:23:54.209948,AABBCC,Octoberfest,,14.31,1.0141,29.497,4.03,0,-71,900
1,Gravitymon,HTTP Post,2025-08-05T10:21:44.934256,AABBCC,Octoberfest,,14.31,1.0142,29.614,4.03,0,-75,900
1,Gravitymon,HTTP Post,2025-08-05T11:19:45.621141,AABBCC,Octoberfest,,14.31,1.0142,29.569,4.02,0,-70,900
1,Gravitymon,HTTP Post,2025-08-05T11:48:45.908234,AABBCC,Octoberfest,,14.25,1.0136,29.142,4.03,0,-73,900
1,Gravitymon,HTTP Post,2025-08-05T12:17:46.298587,AABBCC,Octoberfest,,14.25,1.0133,28.87,4.03,0,-74,900
1,Gravitymon,HTTP Post,2025-08-05T12:46:46.590055,AABBCC,Octoberfest,,14.19,1.014,29.441,4.03,0,-74,900
1,Gravitymon,HTTP Post,2025-08-05T13:15:46.970714,AABBCC,Octoberfest,,14.31,1.0138,29.263,4.03,0,-74,900
1,Gravitymon,HTTP Post,2025-08-05T13:44:47.288293,AABBCC,Octoberfest,,14.19,1.013,28.648,4.02,0,-75,900
1,Gravitymon,HTTP Post,2025-08-05T14:28:17.806620,AABBCC,Octoberfest,,14.13,1.014,29.46,4.02,0,-76,900
1,Gravitymon,HTTP Post,2025-08-05T15:26:18.475711,AABBCC,Octoberfest,,14.06,1.0134,28.959,4.02,0,-68,900
1,Gravitymon,HTTP Post,2025-08-05T16:24:24.175878,AABBCC,Octoberfest,,13.94,1.0131,28.771,4.02,0,-74,900
1,Gravitymon,HTTP Post,2025-08-05T17:22:09.835235,AABBCC,Octoberfest,,13.88,1.0128,28.498,4.02,0,-76,900
1,Gravitymon,HTTP Post,2025-08-05T18:20:00.560607,AABBCC,Octoberfest,,13.75,1.0128,28.534,4.02,0,-69,900
1,Gravitymon,HTTP Post,2025-08-05T18:48:55.864684,AABBCC,Octoberfest,,13.81,1.0129,28.59,4.02,0,-69,900
1,Gravitymon,HTTP Post,2025-08-05T19:17:51.211476,AABBCC,Octoberfest,,13.81,1.0128,28.481,4.02,0,-69,900
1,Gravitymon,HTTP Post,2025-08-05T19:46:51.589139,AABBCC,Octoberfest,,13.75,1.0127,28.435,4.02,0,-72,900
1,Gravitymon,HTTP Post,2025-08-05T20:01:26.780851,AABBCC,Octoberfest,,13.63,1.0127,28.397,4.02,0,-71,900
1,Gravitymon,HTTP Post,2025-08-05T20:30:22.054505,AABBCC,Octoberfest,,13.69,1.0124,28.19,4.02,0,-72,900
1,Gravitymon,HTTP Post,2025-08-05T21:28:27.746712,AABBCC,Octoberfest,,13.63,1.0125,28.296,4.02,0,-72,900
1,Gravitymon,HTTP Post,2025-08-05T22:26:23.424903,AABBCC,Octoberfest,,13.5,1.0126,28.345,4.01,0,-75,900
1,Gravitymon,HTTP Post,2025-08-05T02:23:14.257105,AABBCC,Octoberfest,,14.31,1.0166,31.327,4.03,0,-71,900
1,Gravitymon,HTTP Post,2025-08-05T02:52:14.630850,AABBCC,Octoberfest,,14.38,1.0168,31.457,4.03,0,-75,900
1,Gravitymon,HTTP Post,2025-08-05T03:06:39.786581,AABBCC,Octoberfest,,14.38,1.0169,31.54,4.03,0,-75,900
1,Gravitymon,HTTP Post,2025-08-05T03:35:40.101244,AABBCC,Octoberfest,,14.38,1.0163,31.113,4.03,0,-72,900
1,Gravitymon,HTTP Post,2025-08-05T04:04:40.456692,AABBCC,Octoberfest,,14.38,1.0168,31.491,4.03,0,-70,900
1,Gravitymon,HTTP Post,2025-08-05T04:33:45.793776,AABBCC,Octoberfest,,14.44,1.0157,30.684,4.03,0,-71,900
1,Gravitymon,HTTP Post,2025-08-05T05:02:46.154570,AABBCC,Octoberfest,,14.31,1.0153,30.381,4.03,0,-71,900
1,Gravitymon,HTTP Post,2025-08-05T05:31:46.463938,AABBCC,Octoberfest,,14.31,1.0155,30.548,4.03,0,-72,900
1,Gravitymon,HTTP Post,2025-08-05T06:00:41.816060,AABBCC,Octoberfest,,14.38,1.0147,29.937,4.03,0,-75,900
1,Gravitymon,HTTP Post,2025-08-05T06:29:42.198693,AABBCC,Octoberfest,,14.31,1.0151,30.286,4.03,0,-75,900
1,Gravitymon,HTTP Post,2025-08-05T07:27:47.836425,AABBCC,Octoberfest,,14.38,1.015,30.206,4.03,0,-71,900
1,Gravitymon,HTTP Post,2025-08-05T07:56:43.184688,AABBCC,Octoberfest,,14.31,1.0149,30.123,4.03,0,-74,900
1,Gravitymon,HTTP Post,2025-08-05T08:11:13.346086,AABBCC,Octoberfest,,14.31,1.0143,29.679,4.03,0,-74,900
1,Gravitymon,HTTP Post,2025-08-05T08:40:18.734206,AABBCC,Octoberfest,,14.31,1.0138,29.321,4.03,0,-71,900
1,Gravitymon,HTTP Post,2025-08-05T08:54:48.880062,AABBCC,Octoberfest,,14.38,1.0149,30.136,4.03,0,-71,900
1,Gravitymon,HTTP Post,2025-08-05T09:09:19.029270,AABBCC,Octoberfest,,14.31,1.0141,29.513,4.03,0,-71,900
1,Gravitymon,HTTP Post,2025-08-05T09:38:19.415642,AABBCC,Octoberfest,,14.31,1.0144,29.744,4.03,0,-75,900
1,Gravitymon,HTTP Post,2025-08-05T09:52:49.564134,AABBCC,Octoberfest,,14.31,1.0141,29.489,4.03,0,-75,900
1,Gravitymon,HTTP Post,2025-08-05T10:07:19.719970,AABBCC,Octoberfest,,14.31,1.0145,29.839,4.03,0,-75,900
1,Gravitymon,HTTP Post,2025-08-05T10:36:20.099771,AABBCC,Octoberfest,,14.31,1.0139,29.373,4.03,0,-71,900
1,Gravitymon,HTTP Post,2025-08-05T10:50:45.236870,AABBCC,Octoberfest,,14.25,1.0136,29.149,4.03,0,-71,900
1,Gravitymon,HTTP Post,2025-08-05T11:05:20.391994,AABBCC,Octoberfest,,14.31,1.0135,29.08,4.03,0,-69,900
1,Gravitymon,HTTP Post,2025-08-05T11:34:15.756986,AABBCC,Octoberfest,,14.25,1.0137,29.22,4.03,0,-72,900
1,Gravitymon,HTTP Post,2025-08-05T12:03:21.084718,AABBCC,Octoberfest,,14.25,1.0136,29.127,4.03,0,-73,900
1,Gravitymon,HTTP Post,2025-08-05T12:32:21.455396,AABBCC,Octoberfest,,14.19,1.0137,29.207,4.02,0,-74,900
1,Gravitymon,HTTP Post,2025-08-05T13:01:16.759518,AABBCC,Octoberfest,,14.31,1.0135,29.086,4.02,0,-74,900
1,Gravitymon,HTTP Post,2025-08-05T13:30:17.120925,AABBCC,Octoberfest,,14.25,1.0134,28.958,4.02,0,-75,900
1,Gravitymon,HTTP Post,2025-08-05T13:59:22.455809,AABBCC,Octoberfest,,14.19,1.0132,28.862,4.02,0,-74,900
1,Gravitymon,HTTP Post,2025-08-05T14:13:42.643742,AABBCC,Octoberfest,,14.13,1.0131,28.733,4.02,0,-75,900
1,Gravitymon,HTTP Post,2025-08-05T14:42:47.961926,AABBCC,Octoberfest,,14.13,1.0136,29.164,4.02,0,-69,900
1,Gravitymon,HTTP Post,2025-08-05T14:57:23.137279,AABBCC,Octoberfest,,14.13,1.0133,28.873,4.02,0,-69,900
1,Gravitymon,HTTP Post,2025-08-05T15:11:48.341159,AABBCC,Octoberfest,,14.06,1.013,28.693,4.02,0,-70,900
1,Gravitymon,HTTP Post,2025-08-05T15:40:48.649916,AABBCC,Octoberfest,,14.06,1.0137,29.195,4.02,0,-78,900
1,Gravitymon,HTTP Post,2025-08-05T15:55:23.819304,AABBCC,Octoberfest,,14,1.0132,28.828,4.02,0,-76,900
1,Gravitymon,HTTP Post,2025-08-05T16:09:54.031902,AABBCC,Octoberfest,,14.06,1.013,28.635,4.02,0,-76,900
1,Gravitymon,HTTP Post,2025-08-05T16:38:49.330013,AABBCC,Octoberfest,,13.94,1.0131,28.787,4.02,0,-75,900
1,Gravitymon,HTTP Post,2025-08-05T16:53:14.538911,AABBCC,Octoberfest,,14,1.0128,28.486,4.02,0,-76,900
1,Gravitymon,HTTP Post,2025-08-05T17:07:39.666887,AABBCC,Octoberfest,,13.94,1.013,28.674,4.02,0,-77,900
1,Gravitymon,HTTP Post,2025-08-05T17:36:40.059971,AABBCC,Octoberfest,,13.94,1.0128,28.504,4.02,0,-69,900
1,Gravitymon,HTTP Post,2025-08-05T17:51:05.190156,AABBCC,Octoberfest,,13.94,1.0128,28.484,4.02,0,-69,900
1,Gravitymon,HTTP Post,2025-08-05T18:05:30.352829,AABBCC,Octoberfest,,13.81,1.0128,28.515,4.02,0,-68,900
1,Gravitymon,HTTP Post,2025-08-05T18:34:30.707046,AABBCC,Octoberfest,,13.75,1.0129,28.625,4.02,0,-69,900
1,Gravitymon,HTTP Post,2025-08-05T19:03:21.065780,AABBCC,Octoberfest,,13.81,1.0126,28.315,4.02,0,-68,900
1,Gravitymon,HTTP Post,2025-08-05T19:32:26.373519,AABBCC,Octoberfest,,13.75,1.0128,28.544,4.02,0,-69,900
1,Gravitymon,HTTP Post,2025-08-05T20:15:56.906241,AABBCC,Octoberfest,,13.69,1.0125,28.304,4.02,0,-71,900
1,Gravitymon,HTTP Post,2025-08-05T20:44:52.286105,AABBCC,Octoberfest,,13.69,1.0126,28.365,4.02,0,-72,900
1,Gravitymon,HTTP Post,2025-08-05T20:59:22.440033,AABBCC,Octoberfest,,13.63,1.0126,28.338,4.02,0,-72,900
1,Gravitymon,HTTP Post,2025-08-05T21:13:57.588126,AABBCC,Octoberfest,,13.56,1.0124,28.219,4.02,0,-72,900
1,Gravitymon,HTTP Post,2025-08-05T21:42:52.962929,AABBCC,Octoberfest,,13.56,1.0125,28.294,4.02,0,-74,900
1,Gravitymon,HTTP Post,2025-08-05T21:57:28.123207,AABBCC,Octoberfest,,13.63,1.0124,28.201,4.01,0,-75,900
1,Gravitymon,HTTP Post,2025-08-05T22:11:53.255692,AABBCC,Octoberfest,,13.63,1.0124,28.205,4.01,0,-74,900
1,Gravitymon,HTTP Post,2025-08-05T22:40:53.650042,AABBCC,Octoberfest,,13.5,1.0125,28.309,4.01,0,-74,900
1,Gravitymon,HTTP Post,2025-08-05T22:55:23.787633,AABBCC,Octoberfest,,13.5,1.0124,28.159,4.01,0,-75,900
1,Gravitymon,HTTP Post,2025-08-05T23:09:53.940789,AABBCC,Octoberfest,,13.5,1.0123,28.106,4.01,0,-74,900
1,Gravitymon,HTTP Post,2025-08-05T23:38:59.326439,AABBCC,Octoberfest,,13.5,1.0124,28.169,4.01,0,-77,900
1,Gravitymon,HTTP Post,2025-08-05T23:53:29.489954,AABBCC,Octoberfest,,13.38,1.0123,28.077,4.01,0,-76,900
1,Gravitymon,HTTP Post,2025-08-06T00:07:54.635232,AABBCC,Octoberfest,,13.31,1.0124,28.155,4.01,0,-77,900
1,Gravitymon,HTTP Post,2025-08-06T00:37:00.110585,AABBCC,Octoberfest,,13.38,1.0122,27.993,4.01,0,-72,900
1,Gravitymon,HTTP Post,2025-08-06T00:51:25.140874,AABBCC,Octoberfest,,13.38,1.0121,27.986,4.01,0,-72,900
1,Gravitymon,HTTP Post,2025-08-06T01:05:55.305277,AABBCC,Octoberfest,,13.38,1.0122,28.066,4.01,0,-71,900
1,Gravitymon,HTTP Post,2025-08-06T01:34:55.674528,AABBCC,Octoberfest,,13.31,1.0121,27.976,4.01,0,-72,900
1,Gravitymon,HTTP Post,2025-08-06T02:18:36.156693,AABBCC,Octoberfest,,13.25,1.012,27.857,4.01,0,-72,900
1,Gravitymon,HTTP Post,2025-08-05T23:24:24.153981,AABBCC,Octoberfest,,13.44,1.0122,28.031,4.02,0,-76,900
1,Gravitymon,HTTP Post,2025-08-06T00:22:24.836611,AABBCC,Octoberfest,,13.38,1.0122,28.059,4.01,0,-77,900
1,Gravitymon,HTTP Post,2025-08-06T01:20:25.521828,AABBCC,Octoberfest,,13.31,1.0122,28.029,4.01,0,-72,900
1,Gravitymon,HTTP Post,2025-08-06T01:49:30.831440,AABBCC,Octoberfest,,13.31,1.0121,27.919,4.01,0,-73,900
1,Gravitymon,HTTP Post,2025-08-06T02:04:00.980313,AABBCC,Octoberfest,,13.25,1.012,27.906,4.01,0,-71,900
1,Gravitymon,HTTP Post,2025-08-06T02:33:06.380026,AABBCC,Octoberfest,,13.25,1.0121,27.948,4.01,0,-72,900
1,Gravitymon,HTTP Post,2025-08-06T03:01:56.667608,AABBCC,Octoberfest,,13.31,1.0121,27.95,4.01,0,-69,900
1,Gravitymon,HTTP Post,2025-08-06T03:30:57.037611,AABBCC,Octoberfest,,13.13,1.012,27.86,4.01,0,-69,900
1,Gravitymon,HTTP Post,2025-08-06T04:14:22.566248,AABBCC,Octoberfest,,13.13,1.0118,27.716,4.01,0,-74,900
1,Gravitymon,HTTP Post,2025-08-06T04:43:22.866218,AABBCC,Octoberfest,,13.06,1.0119,27.796,4.01,0,-69,900
1,Gravitymon,HTTP Post,2025-08-06T04:57:48.084407,AABBCC,Octoberfest,,13.06,1.012,27.858,4.01,0,-70,900
1,Gravitymon,HTTP Post,2025-08-06T05:12:23.247945,AABBCC,Octoberfest,,13.06,1.0119,27.785,4.01,0,-70,900
1,Gravitymon,HTTP Post,2025-08-06T05:41:23.556510,AABBCC,Octoberfest,,13.13,1.0118,27.735,4.01,0,-68,900
1,Gravitymon,HTTP Post,2025-08-06T05:55:58.732102,AABBCC,Octoberfest,,13.13,1.0119,27.783,4.01,0,-69,900
1,Gravitymon,HTTP Post,2025-08-06T06:10:23.936058,AABBCC,Octoberfest,,13.06,1.0118,27.726,4,0,-69,900
1,Gravitymon,HTTP Post,2025-08-06T06:39:24.234480,AABBCC,Octoberfest,,13,1.0117,27.659,4,0,-74,900
1,Gravitymon,HTTP Post,2025-08-06T06:53:54.451869,AABBCC,Octoberfest,,13,1.0119,27.79,4.01,0,-75,900
1,Gravitymon,HTTP Post,2025-08-06T07:08:24.602345,AABBCC,Octoberfest,,13,1.0119,27.748,4,0,-75,900
1,Gravitymon,HTTP Post,2025-08-06T07:37:24.916727,AABBCC,Octoberfest,,13,1.0118,27.718,4,0,-72,900
1,Gravitymon,HTTP Post,2025-08-06T08:20:45.433944,AABBCC,Octoberfest,,12.88,1.0118,27.708,4,0,-72,900
1,Gravitymon,HTTP Post,2025-08-06T09:18:51.117240,AABBCC,Octoberfest,,12.94,1.0118,27.712,4,0,-70,900
1,Gravitymon,HTTP Post,2025-08-06T09:47:56.500946,AABBCC,Octoberfest,,12.88,1.0117,27.602,4,0,-76,900
1,Gravitymon,HTTP Post,2025-08-06T10:16:51.791972,AABBCC,Octoberfest,,12.88,1.0118,27.678,3.99,0,-77,900
1,Gravitymon,HTTP Post,2025-08-06T10:45:52.162810,AABBCC,Octoberfest,,12.88,1.0118,27.707,3.99,0,-70,900
1,Gravitymon,HTTP Post,2025-08-06T11:00:22.312668,AABBCC,Octoberfest,,12.88,1.0117,27.588,3.99,0,-71,900
1,Gravitymon,HTTP Post,2025-08-06T11:14:52.474078,AABBCC,Octoberfest,,12.81,1.0116,27.51,3.99,0,-70,900
1,Gravitymon,HTTP Post,2025-08-06T11:43:57.862424,AABBCC,Octoberfest,,12.75,1.0117,27.584,3.99,0,-69,900
1,Gravitymon,HTTP Post,2025-08-06T11:58:22.992409,AABBCC,Octoberfest,,12.81,1.0116,27.569,3.99,0,-68,900
1,Gravitymon,HTTP Post,2025-08-06T12:12:53.166291,AABBCC,Octoberfest,,12.81,1.0116,27.501,3.99,0,-71,900
1,Gravitymon,HTTP Post,2025-08-06T12:41:53.520703,AABBCC,Octoberfest,,12.81,1.0117,27.589,3.99,0,-77,900
1,Gravitymon,HTTP Post,2025-08-06T12:56:23.676532,AABBCC,Octoberfest,,12.75,1.0116,27.537,3.99,0,-76,900
1,Gravitymon,HTTP Post,2025-08-06T13:10:53.896278,AABBCC,Octoberfest,,12.69,1.0116,27.57,3.99,0,-75,900
1,Gravitymon,HTTP Post,2025-08-06T13:39:54.201527,AABBCC,Octoberfest,,12.75,1.0116,27.508,3.99,0,-77,900
1,Gravitymon,HTTP Post,2025-08-06T14:23:14.706112,AABBCC,Octoberfest,,12.75,1.0115,27.439,3.99,0,-76,900
1,Gravitymon,HTTP Post,2025-08-06T15:21:20.409691,AABBCC,Octoberfest,,12.63,1.0115,27.476,3.99,0,-74,900
1,Gravitymon,HTTP Post,2025-08-06T16:19:21.087309,AABBCC,Octoberfest,,12.63,1.0115,27.483,3.99,0,-79,900
1,Gravitymon,HTTP Post,2025-08-06T17:17:21.756971,AABBCC,Octoberfest,,12.63,1.0115,27.44,3.99,0,-74,900
1,Gravitymon,HTTP Post,2025-08-06T17:46:22.145881,AABBCC,Octoberfest,,12.69,1.0116,27.534,3.99,0,-79,900
1,Gravitymon,HTTP Post,2025-08-06T18:15:22.445787,AABBCC,Octoberfest,,12.56,1.0113,27.324,3.98,0,-79,900
1,Gravitymon,HTTP Post,2025-08-06T18:44:22.838228,AABBCC,Octoberfest,,12.56,1.0113,27.328,3.99,0,-75,900
1,Gravitymon,HTTP Post,2025-08-06T18:58:58.001581,AABBCC,Octoberfest,,12.63,1.0116,27.5,3.98,0,-76,900
1,Gravitymon,HTTP Post,2025-08-06T19:13:18.127296,AABBCC,Octoberfest,,12.63,1.0114,27.399,3.98,0,-76,900
1,Gravitymon,HTTP Post,2025-08-06T19:42:13.489739,AABBCC,Octoberfest,,12.56,1.0112,27.238,3.98,0,-78,900
1,Gravitymon,HTTP Post,2025-08-06T19:56:48.649946,AABBCC,Octoberfest,,12.56,1.0114,27.352,3.98,0,-80,900
1,Gravitymon,HTTP Post,2025-08-06T20:11:13.813064,AABBCC,Octoberfest,,12.5,1.0114,27.352,3.98,0,-78,900
1,Gravitymon,HTTP Post,2025-08-06T20:40:19.188189,AABBCC,Octoberfest,,12.5,1.0114,27.349,3.98,0,-76,900
1,Gravitymon,HTTP Post,2025-08-06T20:54:49.338866,AABBCC,Octoberfest,,12.56,1.0113,27.325,3.98,0,-76,900
1,Gravitymon,HTTP Post,2025-08-06T21:09:14.549269,AABBCC,Octoberfest,,12.5,1.0113,27.265,3.98,0,-76,900
1,Gravitymon,HTTP Post,2025-08-06T21:38:19.868750,AABBCC,Octoberfest,,12.5,1.0114,27.34,3.98,0,-76,900
1,Gravitymon,HTTP Post,2025-08-06T21:52:50.013798,AABBCC,Octoberfest,,12.5,1.0113,27.287,3.98,0,-76,900
1,Gravitymon,HTTP Post,2025-08-06T22:07:20.181201,AABBCC,Octoberfest,,12.56,1.0113,27.299,3.98,0,-76,900
1,Gravitymon,HTTP Post,2025-08-06T22:36:25.557835,AABBCC,Octoberfest,,12.5,1.0114,27.412,3.98,0,-78,900
1,Gravitymon,HTTP Post,2025-08-06T22:50:50.701383,AABBCC,Octoberfest,,12.56,1.0113,27.301,3.98,0,-78,900
1,Gravitymon,HTTP Post,2025-08-06T23:05:15.912846,AABBCC,Octoberfest,,12.5,1.0114,27.385,3.98,0,-77,900
1,Gravitymon,HTTP Post,2025-08-06T23:34:16.204325,AABBCC,Octoberfest,,12.5,1.0113,27.307,3.98,0,-78,900
1,Gravitymon,HTTP Post,2025-08-06T02:47:31.534212,AABBCC,Octoberfest,,13.25,1.0122,28.019,4.01,0,-71,900
1,Gravitymon,HTTP Post,2025-08-06T03:16:31.887012,AABBCC,Octoberfest,,13.19,1.0121,27.959,4.01,0,-69,900
1,Gravitymon,HTTP Post,2025-08-06T03:45:22.186405,AABBCC,Octoberfest,,13.13,1.012,27.833,4.01,0,-75,900
1,Gravitymon,HTTP Post,2025-08-06T03:59:57.357504,AABBCC,Octoberfest,,13.19,1.0119,27.791,4.01,0,-74,900
1,Gravitymon,HTTP Post,2025-08-06T04:28:47.692496,AABBCC,Octoberfest,,13.13,1.0119,27.794,4.01,0,-74,900
1,Gravitymon,HTTP Post,2025-08-06T05:26:53.393552,AABBCC,Octoberfest,,13.06,1.0119,27.769,4,0,-69,900
1,Gravitymon,HTTP Post,2025-08-06T06:24:54.069781,AABBCC,Octoberfest,,13,1.0119,27.816,4,0,-68,900
1,Gravitymon,HTTP Post,2025-08-06T07:22:49.743137,AABBCC,Octoberfest,,13,1.0118,27.678,4,0,-76,900
1,Gravitymon,HTTP Post,2025-08-06T07:51:50.124078,AABBCC,Octoberfest,,12.94,1.012,27.907,4,0,-71,900
1,Gravitymon,HTTP Post,2025-08-06T08:06:20.278330,AABBCC,Octoberfest,,12.94,1.0119,27.753,4,0,-72,900
1,Gravitymon,HTTP Post,2025-08-06T08:35:15.649739,AABBCC,Octoberfest,,12.94,1.0118,27.694,4,0,-70,900
1,Gravitymon,HTTP Post,2025-08-06T08:49:50.806285,AABBCC,Octoberfest,,12.88,1.0119,27.786,4,0,-71,900
1,Gravitymon,HTTP Post,2025-08-06T09:04:20.944234,AABBCC,Octoberfest,,12.94,1.0118,27.727,4,0,-70,900
1,Gravitymon,HTTP Post,2025-08-06T09:33:21.343265,AABBCC,Octoberfest,,12.81,1.0119,27.757,3.99,0,-70,900
1,Gravitymon,HTTP Post,2025-08-06T10:02:21.621684,AABBCC,Octoberfest,,12.88,1.0117,27.629,3.99,0,-77,900
1,Gravitymon,HTTP Post,2025-08-06T10:31:22.026075,AABBCC,Octoberfest,,12.88,1.0118,27.671,3.99,0,-76,900
1,Gravitymon,HTTP Post,2025-08-06T11:29:27.705923,AABBCC,Octoberfest,,12.81,1.0116,27.569,3.99,0,-70,900
1,Gravitymon,HTTP Post,2025-08-06T12:27:28.418327,AABBCC,Octoberfest,,12.88,1.0116,27.532,3.99,0,-71,900
1,Gravitymon,HTTP Post,2025-08-06T13:25:19.044664,AABBCC,Octoberfest,,12.69,1.0114,27.389,3.99,0,-75,900
1,Gravitymon,HTTP Post,2025-08-06T13:54:19.358357,AABBCC,Octoberfest,,12.75,1.0115,27.457,3.99,0,-75,900
1,Gravitymon,HTTP Post,2025-08-06T14:08:39.545771,AABBCC,Octoberfest,,12.75,1.0115,27.488,3.99,0,-75,900
1,Gravitymon,HTTP Post,2025-08-06T14:37:44.870364,AABBCC,Octoberfest,,12.69,1.0115,27.432,3.99,0,-68,900
1,Gravitymon,HTTP Post,2025-08-06T14:52:15.101365,AABBCC,Octoberfest,,12.69,1.0116,27.503,3.99,0,-75,900
1,Gravitymon,HTTP Post,2025-08-06T15:06:50.268660,AABBCC,Octoberfest,,12.63,1.0115,27.475,3.99,0,-72,900
1,Gravitymon,HTTP Post,2025-08-06T15:35:45.557167,AABBCC,Octoberfest,,12.63,1.0115,27.49,3.99,0,-79,900
1,Gravitymon,HTTP Post,2025-08-06T15:50:20.773587,AABBCC,Octoberfest,,12.75,1.0115,27.43,3.99,0,-79,900
1,Gravitymon,HTTP Post,2025-08-06T16:04:50.942115,AABBCC,Octoberfest,,12.69,1.0116,27.513,3.99,0,-78,900
1,Gravitymon,HTTP Post,2025-08-06T16:33:46.240414,AABBCC,Octoberfest,,12.63,1.0114,27.374,3.99,0,-80,900
1,Gravitymon,HTTP Post,2025-08-06T16:48:16.460163,AABBCC,Octoberfest,,12.63,1.0113,27.324,3.99,0,-75,900
1,Gravitymon,HTTP Post,2025-08-06T17:02:51.615618,AABBCC,Octoberfest,,12.63,1.0114,27.385,3.99,0,-73,900
1,Gravitymon,HTTP Post,2025-08-06T17:31:51.925088,AABBCC,Octoberfest,,12.63,1.0115,27.443,3.99,0,-75,900
1,Gravitymon,HTTP Post,2025-08-06T18:00:52.401101,AABBCC,Octoberfest,,12.63,1.0114,27.401,3.99,0,-80,900
1,Gravitymon,HTTP Post,2025-08-06T18:29:57.606642,AABBCC,Octoberfest,,12.5,1.0114,27.343,3.99,0,-80,900
1,Gravitymon,HTTP Post,2025-08-06T19:27:43.345867,AABBCC,Octoberfest,,12.63,1.0114,27.375,3.98,0,-76,900
1,Gravitymon,HTTP Post,2025-08-06T20:25:44.024585,AABBCC,Octoberfest,,12.5,1.0114,27.394,3.98,0,-79,900
1,Gravitymon,HTTP Post,2025-08-06T21:23:49.702688,AABBCC,Octoberfest,,12.5,1.0113,27.305,3.98,0,-76,900
1,Gravitymon,HTTP Post,2025-08-06T22:21:50.394324,AABBCC,Octoberfest,,12.5,1.0113,27.303,3.98,0,-76,900
1,Gravitymon,HTTP Post,2025-08-06T23:19:46.053374,AABBCC,Octoberfest,,12.5,1.0113,27.271,3.98,0,-78,900
1,Gravitymon,HTTP Post,2025-08-07T00:17:46.739882,AABBCC,Octoberfest,,12.44,1.0113,27.284,3.98,0,-76,900
1,Gravitymon,HTTP Post,2025-08-07T00:46:42.115924,AABBCC,Octoberfest,,12.38,1.0113,27.295,3.98,0,-80,900
1,Gravitymon,HTTP Post,2025-08-07T01:01:12.249241,AABBCC,Octoberfest,,12.44,1.0113,27.328,3.98,0,-81,900
1,Gravitymon,HTTP Post,2025-08-07T01:30:07.614970,AABBCC,Octoberfest,,12.5,1.0114,27.394,3.97,0,-80,900
1,Gravitymon,HTTP Post,2025-08-07T01:59:07.921159,AABBCC,Octoberfest,,12.44,1.0113,27.253,3.97,0,-79,900
1,Gravitymon,HTTP Post,2025-08-07T02:13:43.073925,AABBCC,Octoberfest,,12.38,1.0113,27.305,3.97,0,-79,900
1,Gravitymon,HTTP Post,2025-08-07T02:42:38.447419,AABBCC,Octoberfest,,12.44,1.0113,27.295,3.97,0,-78,900
1,Gravitymon,HTTP Post,2025-08-07T02:57:13.610966,AABBCC,Octoberfest,,12.44,1.0114,27.333,3.97,0,-79,900
1,Gravitymon,HTTP Post,2025-08-07T03:11:38.760452,AABBCC,Octoberfest,,12.5,1.0113,27.313,3.97,0,-80,900
1,Gravitymon,HTTP Post,2025-08-07T03:40:39.144676,AABBCC,Octoberfest,,12.5,1.0112,27.222,3.97,0,-76,900
1,Gravitymon,HTTP Post,2025-08-07T03:55:09.286277,AABBCC,Octoberfest,,12.38,1.0113,27.286,3.97,0,-76,900
1,Gravitymon,HTTP Post,2025-08-07T04:09:29.493548,AABBCC,Octoberfest,,12.31,1.0112,27.212,3.97,0,-76,900
1,Gravitymon,HTTP Post,2025-08-07T04:38:34.800245,AABBCC,Octoberfest,,12.38,1.0112,27.193,3.97,0,-76,900
1,Gravitymon,HTTP Post,2025-08-07T04:52:59.960938,AABBCC,Octoberfest,,12.44,1.0113,27.263,3.97,0,-76,900
1,Gravitymon,HTTP Post,2025-08-07T05:07:30.174183,AABBCC,Octoberfest,,12.38,1.0111,27.151,3.97,0,-76,900
1,Gravitymon,HTTP Post,2025-08-06T23:48:46.374747,AABBCC,Octoberfest,,12.5,1.0113,27.292,3.98,0,-76,900
1,Gravitymon,HTTP Post,2025-08-07T00:03:16.584444,AABBCC,Octoberfest,,12.5,1.0114,27.361,3.98,0,-75,900
1,Gravitymon,HTTP Post,2025-08-07T00:32:11.890342,AABBCC,Octoberfest,,12.44,1.0112,27.185,3.98,0,-76,900
1,Gravitymon,HTTP Post,2025-08-07T01:15:42.399649,AABBCC,Octoberfest,,12.44,1.0113,27.278,3.97,0,-81,900
1,Gravitymon,HTTP Post,2025-08-07T01:44:37.780073,AABBCC,Octoberfest,,12.44,1.0113,27.259,3.98,0,-79,900
1,Gravitymon,HTTP Post,2025-08-07T02:28:08.292391,AABBCC,Octoberfest,,12.5,1.0113,27.309,3.97,0,-80,900
1,Gravitymon,HTTP Post,2025-08-07T03:26:08.989366,AABBCC,Octoberfest,,12.44,1.0114,27.347,3.97,0,-78,900
1,Gravitymon,HTTP Post,2025-08-07T04:23:59.638748,AABBCC,Octoberfest,,12.38,1.0112,27.21,3.97,0,-76,900
1,Gravitymon,HTTP Post,2025-08-07T05:22:05.332641,AABBCC,Octoberfest,,12.38,1.0112,27.235,3.97,0,-76,900
1,Gravitymon,HTTP Post,2025-08-07T06:20:01.000985,AABBCC,Octoberfest,,12.38,1.0112,27.224,3.97,0,-78,900
1,Gravitymon,HTTP Post,2025-08-07T07:17:56.671600,AABBCC,Octoberfest,,12.38,1.0112,27.195,3.97,0,-79,900
1,Gravitymon,HTTP Post,2025-08-07T08:01:27.192963,AABBCC,Octoberfest,,12.38,1.0112,27.205,3.97,0,-78,900
1,Gravitymon,HTTP Post,2025-08-07T08:30:32.524410,AABBCC,Octoberfest,,12.25,1.0112,27.182,3.97,0,-80,900
1,Gravitymon,HTTP Post,2025-08-07T09:28:23.259128,AABBCC,Octoberfest,,12.31,1.0112,27.188,3.97,0,-78,900
1,Gravitymon,HTTP Post,2025-08-07T10:26:18.916534,AABBCC,Octoberfest,,12.25,1.0112,27.17,3.97,0,-78,900
1,Gravitymon,HTTP Post,2025-08-07T11:24:04.568131,AABBCC,Octoberfest,,12.25,1.0111,27.134,3.97,0,-75,900
1,Gravitymon,HTTP Post,2025-08-07T12:22:05.250579,AABBCC,Octoberfest,,12.25,1.011,27.073,3.97,0,-79,900
1,Gravitymon,HTTP Post,2025-08-07T13:20:00.981958,AABBCC,Octoberfest,,12.19,1.0111,27.148,3.96,0,-79,900
1,Gravitymon,HTTP Post,2025-08-07T13:49:01.300746,AABBCC,Octoberfest,,12.19,1.0106,26.654,3.96,0,-79,900
1,Gravitymon,HTTP Post,2025-08-07T14:03:31.449866,AABBCC,Octoberfest,,12.31,1.0111,27.079,3.96,0,-76,900
1,Gravitymon,HTTP Post,2025-08-07T14:32:26.810903,AABBCC,Octoberfest,,12.25,1.0111,27.109,3.96,0,-80,900
1,Gravitymon,HTTP Post,2025-08-07T14:47:01.977522,AABBCC,Octoberfest,,12.19,1.0111,27.136,3.96,0,-79,900
1,Gravitymon,HTTP Post,2025-08-07T15:01:32.132290,AABBCC,Octoberfest,,12.19,1.0111,27.132,3.96,0,-79,900
1,Gravitymon,HTTP Post,2025-08-07T15:30:22.484344,AABBCC,Octoberfest,,12.25,1.0111,27.101,3.96,0,-77,900
1,Gravitymon,HTTP Post,2025-08-07T16:13:48.002317,AABBCC,Octoberfest,,12.19,1.0111,27.118,3.96,0,-79,900
1,Gravitymon,HTTP Post,2025-08-07T16:42:53.328010,AABBCC,Octoberfest,,12.19,1.011,27.042,3.96,0,-81,900
1,Gravitymon,HTTP Post,2025-08-07T16:57:18.537722,AABBCC,Octoberfest,,12.19,1.0111,27.102,3.96,0,-81,900
1,Gravitymon,HTTP Post,2025-08-07T17:26:13.839104,AABBCC,Octoberfest,,12.19,1.0111,27.126,3.96,0,-81,900
1,Gravitymon,HTTP Post,2025-08-07T18:09:49.362122,AABBCC,Octoberfest,,12.19,1.011,27.058,3.96,0,-81,900
1,Gravitymon,HTTP Post,2025-08-07T18:38:44.737210,AABBCC,Octoberfest,,12.13,1.0111,27.091,3.96,0,-76,900
1,Gravitymon,HTTP Post,2025-08-07T18:53:14.884878,AABBCC,Octoberfest,,12.19,1.0111,27.081,3.96,0,-76,900
1,Gravitymon,HTTP Post,2025-08-07T19:22:15.264489,AABBCC,Octoberfest,,12.19,1.011,27.073,3.96,0,-77,900
1,Gravitymon,HTTP Post,2025-08-07T19:51:15.560049,AABBCC,Octoberfest,,12.19,1.011,27.02,3.96,0,-82,900
1,Gravitymon,HTTP Post,2025-08-07T20:20:10.934970,AABBCC,Octoberfest,,12.19,1.011,27.055,3.96,0,-80,900
1,Gravitymon,HTTP Post,2025-08-07T21:03:36.453805,AABBCC,Octoberfest,,12.19,1.011,27.039,3.96,0,-81,900
1,Gravitymon,HTTP Post,2025-08-07T21:32:41.753796,AABBCC,Octoberfest,,12.19,1.0109,26.988,3.96,0,-79,900
1,Gravitymon,HTTP Post,2025-08-07T21:47:06.915297,AABBCC,Octoberfest,,12.19,1.011,27.048,3.96,0,-77,900
1,Gravitymon,HTTP Post,2025-08-07T22:16:07.282781,AABBCC,Octoberfest,,12.19,1.011,27.054,3.96,0,-76,900
1,Gravitymon,HTTP Post,2025-08-07T22:59:37.826521,AABBCC,Octoberfest,,12.19,1.011,27.006,3.95,0,-76,900
1,Gravitymon,HTTP Post,2025-08-07T23:28:38.117656,AABBCC,Octoberfest,,12.19,1.011,27.069,3.95,0,-76,900
1,Gravitymon,HTTP Post,2025-08-08T00:12:03.624789,AABBCC,Octoberfest,,12.19,1.011,27,3.95,0,-76,900
1,Gravitymon,HTTP Post,2025-08-08T00:41:04.033740,AABBCC,Octoberfest,,12.19,1.011,26.995,3.95,0,-75,900
1,Gravitymon,HTTP Post,2025-08-08T00:55:29.152108,AABBCC,Octoberfest,,12.25,1.011,27.015,3.95,0,-76,900
1,Gravitymon,HTTP Post,2025-08-08T01:24:29.533616,AABBCC,Octoberfest,,12.19,1.011,27.02,3.95,0,-76,900
1,Gravitymon,HTTP Post,2025-08-08T01:53:19.815808,AABBCC,Octoberfest,,12.19,1.011,27.013,3.95,0,-80,900
1,Gravitymon,HTTP Post,2025-08-08T02:22:15.172496,AABBCC,Octoberfest,,12.19,1.0109,26.984,3.95,0,-78,900
1,Gravitymon,HTTP Post,2025-08-08T03:05:45.707843,AABBCC,Octoberfest,,12.19,1.0109,26.991,3.95,0,-77,900
1,Gravitymon,HTTP Post,2025-08-08T03:34:41.016386,AABBCC,Octoberfest,,12.19,1.011,27.019,3.95,0,-77,900
1,Gravitymon,HTTP Post,2025-08-08T03:49:11.229306,AABBCC,Octoberfest,,12.13,1.0109,26.981,3.95,0,-77,900
1,Gravitymon,HTTP Post,2025-08-08T04:18:16.535040,AABBCC,Octoberfest,,12.19,1.011,27.001,3.95,0,-77,900
1,Gravitymon,HTTP Post,2025-08-08T05:01:42.058447,AABBCC,Octoberfest,,12.13,1.011,27.024,3.94,0,-76,900
1,Gravitymon,HTTP Post,2025-08-08T05:30:42.425781,AABBCC,Octoberfest,,12.06,1.0108,26.905,3.94,0,-72,900
1,Gravitymon,HTTP Post,2025-08-08T05:45:17.604391,AABBCC,Octoberfest,,12.13,1.0109,26.948,3.94,0,-69,900
1,Gravitymon,HTTP Post,2025-08-08T06:14:12.895823,AABBCC,Octoberfest,,12.19,1.011,27.012,3.94,0,-69,900
1,Gravitymon,HTTP Post,2025-08-07T05:36:30.473321,AABBCC,Octoberfest,,12.31,1.0112,27.206,3.97,0,-79,900
1,Gravitymon,HTTP Post,2025-08-07T05:51:05.645871,AABBCC,Octoberfest,,12.31,1.0112,27.211,3.97,0,-78,900
1,Gravitymon,HTTP Post,2025-08-07T06:05:35.865564,AABBCC,Octoberfest,,12.31,1.0112,27.233,3.97,0,-78,900
1,Gravitymon,HTTP Post,2025-08-07T06:34:31.169738,AABBCC,Octoberfest,,12.38,1.0111,27.16,3.97,0,-79,900
1,Gravitymon,HTTP Post,2025-08-07T06:48:56.380414,AABBCC,Octoberfest,,12.31,1.0112,27.196,3.97,0,-79,900
1,Gravitymon,HTTP Post,2025-08-07T07:03:26.517511,AABBCC,Octoberfest,,12.31,1.0112,27.213,3.97,0,-78,900
1,Gravitymon,HTTP Post,2025-08-07T07:32:26.836991,AABBCC,Octoberfest,,12.31,1.0111,27.151,3.97,0,-79,900
1,Gravitymon,HTTP Post,2025-08-07T07:46:57.055149,AABBCC,Octoberfest,,12.31,1.0112,27.222,3.97,0,-79,900
1,Gravitymon,HTTP Post,2025-08-07T08:15:57.350638,AABBCC,Octoberfest,,12.31,1.0111,27.158,3.97,0,-79,900
1,Gravitymon,HTTP Post,2025-08-07T08:44:57.742882,AABBCC,Octoberfest,,12.25,1.0112,27.184,3.97,0,-78,900
1,Gravitymon,HTTP Post,2025-08-07T08:59:17.860655,AABBCC,Octoberfest,,12.31,1.0112,27.21,3.97,0,-78,900
1,Gravitymon,HTTP Post,2025-08-07T09:13:48.076996,AABBCC,Octoberfest,,12.31,1.0111,27.137,3.97,0,-77,900
1,Gravitymon,HTTP Post,2025-08-07T09:42:53.401556,AABBCC,Octoberfest,,12.31,1.0111,27.136,3.97,0,-78,900
1,Gravitymon,HTTP Post,2025-08-07T09:57:18.553750,AABBCC,Octoberfest,,12.25,1.0112,27.175,3.97,0,-79,900
1,Gravitymon,HTTP Post,2025-08-07T10:11:43.763578,AABBCC,Octoberfest,,12.31,1.0112,27.178,3.97,0,-80,900
1,Gravitymon,HTTP Post,2025-08-07T10:40:44.060290,AABBCC,Octoberfest,,12.31,1.0111,27.147,3.97,0,-75,900
1,Gravitymon,HTTP Post,2025-08-07T10:55:09.283619,AABBCC,Octoberfest,,12.31,1.0111,27.137,3.97,0,-75,900
1,Gravitymon,HTTP Post,2025-08-07T11:09:39.421943,AABBCC,Octoberfest,,12.31,1.0111,27.155,3.97,0,-75,900
1,Gravitymon,HTTP Post,2025-08-07T11:38:29.789915,AABBCC,Octoberfest,,12.25,1.0111,27.131,3.97,0,-78,900
1,Gravitymon,HTTP Post,2025-08-07T11:52:59.930534,AABBCC,Octoberfest,,12.25,1.011,27.076,3.97,0,-78,900
1,Gravitymon,HTTP Post,2025-08-07T12:07:30.081359,AABBCC,Octoberfest,,12.25,1.0127,28.436,3.96,0,-80,900
1,Gravitymon,HTTP Post,2025-08-07T12:36:35.472985,AABBCC,Octoberfest,,12.19,1.0112,27.166,3.97,0,-79,900
1,Gravitymon,HTTP Post,2025-08-07T12:51:05.623999,AABBCC,Octoberfest,,12.25,1.0111,27.163,3.97,0,-79,900
1,Gravitymon,HTTP Post,2025-08-07T13:05:35.775595,AABBCC,Octoberfest,,12.19,1.0111,27.094,3.96,0,-80,900
1,Gravitymon,HTTP Post,2025-08-07T13:34:31.152433,AABBCC,Octoberfest,,12.19,1.011,27.067,3.97,0,-80,900
1,Gravitymon,HTTP Post,2025-08-07T14:17:56.666651,AABBCC,Octoberfest,,12.25,1.0111,27.129,3.96,0,-80,900
1,Gravitymon,HTTP Post,2025-08-07T15:15:52.332077,AABBCC,Octoberfest,,12.19,1.011,27.059,3.96,0,-77,900
1,Gravitymon,HTTP Post,2025-08-07T15:44:57.647615,AABBCC,Octoberfest,,12.25,1.0111,27.118,3.96,0,-79,900
1,Gravitymon,HTTP Post,2025-08-07T15:59:17.865025,AABBCC,Octoberfest,,12.19,1.0111,27.129,3.96,0,-79,900
1,Gravitymon,HTTP Post,2025-08-07T16:28:18.160367,AABBCC,Octoberfest,,12.19,1.0111,27.095,3.96,0,-78,900
1,Gravitymon,HTTP Post,2025-08-07T17:11:43.669725,AABBCC,Octoberfest,,12.25,1.0111,27.104,3.96,0,-82,900
1,Gravitymon,HTTP Post,2025-08-07T17:40:44.059383,AABBCC,Octoberfest,,12.25,1.0111,27.086,3.96,0,-78,900
1,Gravitymon,HTTP Post,2025-08-07T17:55:19.222574,AABBCC,Octoberfest,,12.13,1.0111,27.105,3.96,0,-79,900
1,Gravitymon,HTTP Post,2025-08-07T18:24:14.568099,AABBCC,Octoberfest,,12.13,1.011,27.025,3.96,0,-81,900
1,Gravitymon,HTTP Post,2025-08-07T19:07:45.035100,AABBCC,Octoberfest,,12.25,1.011,27.076,3.96,0,-77,900
1,Gravitymon,HTTP Post,2025-08-07T19:36:45.421632,AABBCC,Octoberfest,,12.19,1.011,27.055,3.96,0,-81,900
1,Gravitymon,HTTP Post,2025-08-07T20:05:40.720294,AABBCC,Octoberfest,,12.13,1.011,27.051,3.96,0,-80,900
1,Gravitymon,HTTP Post,2025-08-07T20:34:46.099754,AABBCC,Octoberfest,,12.25,1.011,27.056,3.96,0,-80,900
1,Gravitymon,HTTP Post,2025-08-07T20:49:16.246843,AABBCC,Octoberfest,,12.31,1.011,27.05,3.96,0,-81,900
1,Gravitymon,HTTP Post,2025-08-07T21:18:11.608597,AABBCC,Octoberfest,,12.19,1.011,27.02,3.96,0,-80,900
1,Gravitymon,HTTP Post,2025-08-07T22:01:37.126161,AABBCC,Octoberfest,,12.25,1.011,27.045,3.95,0,-76,900
1,Gravitymon,HTTP Post,2025-08-07T22:30:37.441277,AABBCC,Octoberfest,,12.19,1.011,27.047,3.95,0,-76,900
1,Gravitymon,HTTP Post,2025-08-07T22:45:12.617157,AABBCC,Octoberfest,,12.19,1.011,27.078,3.95,0,-75,900
1,Gravitymon,HTTP Post,2025-08-07T23:14:12.982481,AABBCC,Octoberfest,,12.19,1.011,27.063,3.96,0,-76,900
1,Gravitymon,HTTP Post,2025-08-07T23:43:03.337016,AABBCC,Octoberfest,,12.25,1.011,27.051,3.95,0,-75,900
1,Gravitymon,HTTP Post,2025-08-07T23:57:33.474479,AABBCC,Octoberfest,,12.25,1.011,27.003,3.95,0,-76,900
1,Gravitymon,HTTP Post,2025-08-08T00:26:38.804133,AABBCC,Octoberfest,,12.19,1.011,27.012,3.95,0,-75,900
1,Gravitymon,HTTP Post,2025-08-08T01:10:04.310451,AABBCC,Octoberfest,,12.13,1.011,27.044,3.95,0,-76,900
1,Gravitymon,HTTP Post,2025-08-08T01:38:54.665824,AABBCC,Octoberfest,,12.25,1.011,27.04,3.95,0,-78,900
1,Gravitymon,HTTP Post,2025-08-08T02:07:50.039094,AABBCC,Octoberfest,,12.13,1.0109,26.982,3.95,0,-78,900
1,Gravitymon,HTTP Post,2025-08-08T02:36:40.329187,AABBCC,Octoberfest,,12.13,1.011,26.999,3.95,0,-80,900
1,Gravitymon,HTTP Post,2025-08-08T02:51:10.551746,AABBCC,Octoberfest,,12.19,1.011,27.038,3.95,0,-78,900
1,Gravitymon,HTTP Post,2025-08-08T03:20:10.843237,AABBCC,Octoberfest,,12.19,1.0113,27.297,3.95,0,-78,900
1,Gravitymon,HTTP Post,2025-08-08T04:03:41.374149,AABBCC,Octoberfest,,12.13,1.0109,26.992,3.95,0,-77,900
1,Gravitymon,HTTP Post,2025-08-08T04:32:41.700425,AABBCC,Octoberfest,,12.13,1.0109,26.971,3.94,0,-77,900
1,Gravitymon,HTTP Post,2025-08-08T04:47:11.907999,AABBCC,Octoberfest,,12.13,1.011,27.03,3.94,0,-76,900
1,Gravitymon,HTTP Post,2025-08-08T05:16:12.211122,AABBCC,Octoberfest,,12.06,1.0109,26.972,3.94,0,-75,900
1,Gravitymon,HTTP Post,2025-08-08T05:59:42.731119,AABBCC,Octoberfest,,12.13,1.011,27.001,3.94,0,-71,900
1,Gravitymon,HTTP Post,2025-08-08T06:28:43.121867,AABBCC,Octoberfest,,12.25,1.011,26.997,3.94,0,-72,900
1,Pressuremon,HTTP Post,2025-07-06 08:45:57,321654,press-1,token,10.20,105.0000,106.0000,3.58,0,-78,900
1,Pressuremon,HTTP Post,2025-07-07 08:45:57,321654,press-1,token,10.20,100.0000,106.0000,3.58,0,-78,900
1,Pressuremon,HTTP Post,2025-07-08 08:45:57,321654,press-1,token,10.20,108.0000,106.0000,3.58,0,-78,900
1,Pressuremon,HTTP Post,2025-07-09 08:45:57,321654,press-1,token,10.20,102.0000,106.0000,3.58,0,-78,900
1,Pressuremon,HTTP Post,2025-07-10 08:45:57,321654,press-1,token,10.20,103.0000,106.0000,3.58,0,-78,900
1,Pressuremon,HTTP Post,2025-07-11 08:45:57,321654,press-1,token,10.20,104.0000,106.0000,3.58,0,-78,900
1,Pressuremon,HTTP Post,2025-07-12 08:45:57,321654,press-1,token,10.20,105.0000,106.0000,3.58,0,-78,900
1,Pressuremon,HTTP Post,2025-07-13 08:45:57,321654,press-1,token,10.20,101.0000,106.0000,3.58,0,-78,900
1,Pressuremon,HTTP Post,2025-07-14 08:45:57,321654,press-1,token,10.20,109.0000,106.0000,3.58,0,-78,900
1,Pressuremon,HTTP Post,2025-07-15 08:45:57,321654,press-1,token,10.20,111.0000,106.0000,3.58,0,-78,900
1,Pressuremon,HTTP Post,2025-07-16 08:45:57,321654,press-1,token,10.20,104.0000,106.0000,3.58,0,-78,900